ts_code,exchange,question_id,question_time,answer_time,question,answer,answer_class,theme,story_read,proof_needed,credibility,source_url,source_type
300136.SZ,szse,2325077350658707456,2026-07-30,2026-07-31,"媒体报道北美卫星大客户出台新供应链管控标准，对海外供货厂区的人员构成、工厂自用设备设置合规限制。
想咨询：公司越南、墨西哥对应海外产线已开展相关合规风险评估吗？相关整改若落地，会不会影响对该客户产品持续交付？",您好，您提到的市场传闻缺乏事实依据，公司已于2026年7月31日早间在巨潮资讯网披露《关于媒体报道的澄清公告》（2026-034）。谢谢您的关注。,directional-but-unquantified,commercial-space,space linkage / investee optionality,"ownership, monetization, or investee milestone still needs filing support",medium-official-signal,https://irm.cninfo.com.cn/ircs/question/questionDetail?questionId=2325077350658707456,cninfo_irm
300136.SZ,szse,2325468905499734016,2026-07-31,2026-07-31,你好董秘  请问贵公司涉及军工概念吗,您好，公司不涉及相关业务，谢谢。,substantive,unclassified,official interaction without a mapped investable theme,manual review required,higher-official-signal,https://irm.cninfo.com.cn/ircs/question/questionDetail?questionId=2325468905499734016,cninfo_irm
300136.SZ,szse,2325472418896138240,2026-07-31,2026-07-31,听说美国公司spaceX正在清理供应链中涉及到的中国人和中国设备，贵公司美国地区销售额占比大概多少，马斯克的供应链清理行动，公司有没有评估该行动对企业当前业务的影响，如果有，公司有没有具体的措施来应对这种风险？,您好，您提到的市场传闻缺乏事实依据，公司已于2026年7月31日早间在巨潮资讯网披露《关于媒体报道的澄清公告》（2026-034）。谢谢您的关注。,directional-but-unquantified,unclassified,official interaction without a mapped investable theme,manual review required,medium-official-signal,https://irm.cninfo.com.cn/ircs/question/questionDetail?questionId=2325472418896138240,cninfo_irm
300136.SZ,szse,2325093293542985728,2026-07-30,,董秘你好  请问贵公司最近股价连续下跌  高管有无增持回购计划  ？,,unanswered,buyback-shareholder-return,shareholder-return / valuation-support narrative,"needs board approval, execution, and funding visibility",no-company-signal,https://irm.cninfo.com.cn/ircs/question/questionDetail?questionId=2325093293542985728,cninfo_irm
300136.SZ,szse,2324380088453681152,2026-07-29,,信维mlcc业绩和风华相比如何？请正面回答，对后续持股很重要！,,unanswered,unclassified,official interaction without a mapped investable theme,manual review required,no-company-signal,https://irm.cninfo.com.cn/ircs/question/questionDetail?questionId=2324380088453681152,cninfo_irm
300136.SZ,szse,2324007199279886336,2026-07-29,,贵公司管理层的管理能力实在不敢恭维，眼下股价腰斩，贵公司在市场的地位都是跟风小弟。给公司点建议，想要维护股价，只有实打实的利好才行。目前看主要有以下几点：1.并购电科实质性进展或落地；2.中报预告，当然业绩需要高增才行；3.定增落地，这个不确定因素一直在干扰投资者的决定；4.关键产品验证通过或公布新签订重大订单合同；5.公司回购股票。  此外，中报建议将各业务板块的收入要划分清楚，不要都是射频！,,unanswered,buyback-shareholder-return,shareholder-return / valuation-support narrative,"needs board approval, execution, and funding visibility",no-company-signal,https://irm.cninfo.com.cn/ircs/question/questionDetail?questionId=2324007199279886336,cninfo_irm
300136.SZ,szse,2324092213975699456,2026-07-29,,董秘您好，现在贵公司MLCC在市场传言，达不到高端性能。是不是有送检回复报告，结果如何，请贵司正面回答。谢谢！,,unanswered,unclassified,official interaction without a mapped investable theme,manual review required,no-company-signal,https://irm.cninfo.com.cn/ircs/question/questionDetail?questionId=2324092213975699456,cninfo_irm
300136.SZ,szse,2322659309840863232,2026-07-27,,"董秘您好，对比近期创业板多家公司，部分取得注册批复时间晚于信维通信的企业已经完成定增询价落地。市场投资者比较疑惑：
为何公司定增获批后推进节奏持续较慢？是否因为当前股价环境、机构意向认购情况不及预期？公司与承销商是否持续在积极对接潜在投资方？能否简单说明目前卡点，以及管理层预期的发行时间窗口？谢谢！",,unanswered,unclassified,official interaction without a mapped investable theme,manual review required,no-company-signal,https://irm.cninfo.com.cn/ircs/question/questionDetail?questionId=2322659309840863232,cninfo_irm
300136.SZ,szse,2322216077771526144,2026-07-26,,建议公司快速推动mlcc并表，并加大扩产高端mlcc产线。定增项目目前进度如何？自有资金目前够吗,,unanswered,unclassified,official interaction without a mapped investable theme,manual review required,no-company-signal,https://irm.cninfo.com.cn/ircs/question/questionDetail?questionId=2322216077771526144,cninfo_irm
300136.SZ,szse,2318950373526908928,2026-07-22,,请问投资者热线电话是多少？,,unanswered,unclassified,official interaction without a mapped investable theme,manual review required,no-company-signal,https://irm.cninfo.com.cn/ircs/question/questionDetail?questionId=2318950373526908928,cninfo_irm
300136.SZ,szse,2318868013234040832,2026-07-22,,请问贵司投资者热线0755-33086079一直无人接听？,,unanswered,unclassified,official interaction without a mapped investable theme,manual review required,no-company-signal,https://irm.cninfo.com.cn/ircs/question/questionDetail?questionId=2318868013234040832,cninfo_irm
300136.SZ,szse,2322600855188484096,2026-07-27,,董秘你好 目前公司定增项目还没有落地 请问公司是否已经先用自有资金 开启定增项目前期建设,,unanswered,unclassified,official interaction without a mapped investable theme,manual review required,no-company-signal,https://irm.cninfo.com.cn/ircs/question/questionDetail?questionId=2322600855188484096,cninfo_irm
300136.SZ,szse,2322822707429191680,2026-07-27,,公司对市直重回千亿有信心吗？公司的目标和愿景有市值达到多少呢？,,unanswered,unclassified,official interaction without a mapped investable theme,manual review required,no-company-signal,https://irm.cninfo.com.cn/ircs/question/questionDetail?questionId=2322822707429191680,cninfo_irm
300136.SZ,szse,2322641133539266560,2026-07-27,,您好，信维电科MLCC业务预计何时能够实现扭亏？,,unanswered,unclassified,official interaction without a mapped investable theme,manual review required,no-company-signal,https://irm.cninfo.com.cn/ircs/question/questionDetail?questionId=2322641133539266560,cninfo_irm
300136.SZ,szse,2322211817163968512,2026-07-26,,公司mlcc目前产能情况怎么样？,,unanswered,unclassified,official interaction without a mapped investable theme,manual review required,no-company-signal,https://irm.cninfo.com.cn/ircs/question/questionDetail?questionId=2322211817163968512,cninfo_irm
300136.SZ,szse,2322211542320386048,2026-07-26,,公司今年有亚马逊和国内公司卫星方面的订单吗？大概占比多少,,unanswered,commercial-space,space linkage / investee optionality,"ownership, monetization, or investee milestone still needs filing support",no-company-signal,https://irm.cninfo.com.cn/ircs/question/questionDetail?questionId=2322211542320386048,cninfo_irm
300136.SZ,szse,2322117482536603648,2026-07-26,,请问如何查阅信维电科MLCC在售产品的技术参数？谢谢！,,unanswered,unclassified,official interaction without a mapped investable theme,manual review required,no-company-signal,https://irm.cninfo.com.cn/ircs/question/questionDetail?questionId=2322117482536603648,cninfo_irm
300136.SZ,szse,2318388514634973184,2026-07-21,2026-07-27,IPv6是我国十五五规划的重要部署，请问贵公司相关产品是否已经或可以应用于IPv6，如无在此方面作为立足于通信技术的公司望跟紧国家的步伐，安排技术的升级、改进或突破,您好，IPv6是IP网络寻址与传输协议，由芯片、基带、操作系统、路由承载；公司聚焦的是天线、高频高速连接器等射频模组解决方案，不直接跑IP协议。公司会紧跟国家新一代信息基建节奏，争取让公司的技术和产品更好地支撑IPv6规模部署，谢谢您的建议！,substantive,unclassified,official interaction without a mapped investable theme,manual review required,higher-official-signal,https://irm.cninfo.com.cn/ircs/question/questionDetail?questionId=2318388514634973184,cninfo_irm
300136.SZ,szse,2319081267090014208,2026-07-22,2026-07-27,尊敬的董秘您好，有媒体报道称信维通信是G60千帆星座的官方核心供应商，2025年已实现星载相控阵天线、LCP天线的批量交付。请问该信息是否准确？公司与垣信卫星/格思航天等千帆星座相关主体是否存在供应合作？目前订单规模及交付进展如何？盼复，谢谢,您好，公司是国内该业务领域客户的射频与连接器产品及解决方案配套方，已参与多个相关项目，供应包括相控阵天线、高频高速连接器等产品及解决方案。谢谢！,substantive,commercial-space,space linkage / investee optionality,"ownership, monetization, or investee milestone still needs filing support",higher-official-signal,https://irm.cninfo.com.cn/ircs/question/questionDetail?questionId=2319081267090014208,cninfo_irm
300136.SZ,szse,2321477841612820480,2026-07-25,,受到ai算力中心挤占高端产能，贵公司子公司因为电科的mlcc产业产品，有没有随着其他mlcc一样联动涨价？,,unanswered,compute-power,new-demand adjacency around power + computing infrastructure,"needs revenue, order, or project economics before valuation uplift",no-company-signal,https://irm.cninfo.com.cn/ircs/question/questionDetail?questionId=2321477841612820480,cninfo_irm
300136.SZ,szse,2321314332207861760,2026-07-25,,"您好，向公司咨询几个经营相关问题：
1、公司现阶段是否有股份回购、维稳股价的相关计划或者预案？
2、星链相关射频零部件业务，今年订单以及营收占比是否有明显提升，海外大客户供货份额是否进一步增长？
3、信维电科MLCC业务预计何时能够实现扭亏？
4、二季度经营情况相比一季度是否环比改善，毛利率有无修复公司是否计划发布2026半年度业绩预告？结合目前在手订单情况，能否简单介绍下公司下半年整体经营展望",,unanswered,buyback-shareholder-return,shareholder-return / valuation-support narrative,"needs board approval, execution, and funding visibility",no-company-signal,https://irm.cninfo.com.cn/ircs/question/questionDetail?questionId=2321314332207861760,cninfo_irm
300136.SZ,szse,2319575514668720128,2026-07-23,2026-07-27,您好！信维电科的MLCC是否供货华为超节点服务器，请董秘正面回答问题，谢谢！,您好，信维电科是公司高端MLCC战略平台，聚焦高容、小尺寸、高性能MLCC，覆盖消费级、车规级、AI/算力服务器等场景。谢谢！,substantive,compute-power,new-demand adjacency around power + computing infrastructure,"needs revenue, order, or project economics before valuation uplift",higher-official-signal,https://irm.cninfo.com.cn/ircs/question/questionDetail?questionId=2319575514668720128,cninfo_irm
300136.SZ,szse,2319107449210650624,2026-07-22,2026-07-27,董秘你好 目前投资者对公司商业航天业务关注度极高，此次定增焦点同样包含商业航天相关项目，但公司往年财报中 从未单独列出商业航天业务相关信息。可否在2026年半年报中 披露商业航天业务占比 毛利率 净利率 在手订单 等相关信息,您好，该业务是公司高度重视的第二增长曲线业务之一，公司已与海外头部客户及国内低轨卫星龙头企业合作，包括相控阵天线、高频高速连接器等零部件及解决方案持续批量交付，本次定增也重点投向该领域的器件及组件，我们长期看好该赛道的放量空间，谢谢。,substantive,commercial-space,space linkage / investee optionality,"ownership, monetization, or investee milestone still needs filing support",higher-official-signal,https://irm.cninfo.com.cn/ircs/question/questionDetail?questionId=2319107449210650624,cninfo_irm
300136.SZ,szse,2319081043751714816,2026-07-22,2026-07-27,尊敬的董秘您好，近期有媒体报道称信维通信是中国星网（国家队GW星座）的核心射频/天线供应商，参与1.3万颗低轨卫星组网，供应星载LCP相控阵天线、高频连接器、射频器件等产品。请问该报道是否属实？公司目前与中国星网是否存在正式供应合作关系？相关产品处于送样、小批量还是批量交付阶段？烦请澄清，谢谢！,您好，公司是国内卫星客户的射频与连接器配套方，已参与多个星网相关项目，供应包括相控阵天线、高频高速连接器等产品及解决方案。谢谢！,substantive,commercial-space,space linkage / investee optionality,"ownership, monetization, or investee milestone still needs filing support",higher-official-signal,https://irm.cninfo.com.cn/ircs/question/questionDetail?questionId=2319081043751714816,cninfo_irm
300136.SZ,szse,2319072299198300160,2026-07-22,2026-07-27,尊敬的董秘您好：贵司有产品供应给国家的＂千帆星座＂或＂中国星网＂吗？公司为其供应星载LCP相控阵天线、高频连接器（Ku/Ka/L）、射频器件、结构件，以及地面终端的相控阵模组、动中通天线等产品是真的吗,您好，公司是国内卫星客户的射频与连接器配套方，已参与多个星网相关项目，供应包括相控阵天线、高频高速连接器等产品及解决方案。谢谢！,substantive,commercial-space,space linkage / investee optionality,"ownership, monetization, or investee milestone still needs filing support",higher-official-signal,https://irm.cninfo.com.cn/ircs/question/questionDetail?questionId=2319072299198300160,cninfo_irm
300136.SZ,szse,2318864113543528448,2026-07-22,2026-07-27,请问贵公司子公司信维电科的高容mlcc是否批量供应华为昇腾服务器？,您好，信维电科是公司高端MLCC战略平台，聚焦高容、小尺寸、高性能MLCC，覆盖消费级、车规级、AI/算力服务器等场景。谢谢！,substantive,compute-power,new-demand adjacency around power + computing infrastructure,"needs revenue, order, or project economics before valuation uplift",higher-official-signal,https://irm.cninfo.com.cn/ircs/question/questionDetail?questionId=2318864113543528448,cninfo_irm
300136.SZ,szse,2316794136735559680,2026-07-19,2026-07-27,请问华为升腾芯片用的是信维电科的MLCC吗？谢谢！,您好，信维电科是公司高端MLCC战略平台，聚焦高容、小尺寸、高性能MLCC，覆盖消费级、车规级、AI/算力服务器等场景。谢谢！,substantive,compute-power,new-demand adjacency around power + computing infrastructure,"needs revenue, order, or project economics before valuation uplift",higher-official-signal,https://irm.cninfo.com.cn/ircs/question/questionDetail?questionId=2316794136735559680,cninfo_irm
300136.SZ,szse,2320450245005688832,2026-07-24,,董秘您好，公司股价短期的大幅度回调是不是应该抓紧采取相应措施维护股价及股民的信心？公司的今年的预期目标完成情况如何？信维电科是否已达并表标准？,,unanswered,unclassified,official interaction without a mapped investable theme,manual review required,no-company-signal,https://irm.cninfo.com.cn/ircs/question/questionDetail?questionId=2320450245005688832,cninfo_irm
300136.SZ,szse,2317667312150827008,2026-07-20,,贵公司股价在这么短时间完成了腰斩，请问贵公司就没有任何维稳股价的措施么？,,unanswered,unclassified,official interaction without a mapped investable theme,manual review required,no-company-signal,https://irm.cninfo.com.cn/ircs/question/questionDetail?questionId=2317667312150827008,cninfo_irm
300136.SZ,szse,2319872906911825920,2026-07-23,,请问董秘，公司mlcc，散热，辅助连接器等业务是否可用于华为超节点？是否于华为有合作，谢谢,,unanswered,unclassified,official interaction without a mapped investable theme,manual review required,no-company-signal,https://irm.cninfo.com.cn/ircs/question/questionDetail?questionId=2319872906911825920,cninfo_irm
300136.SZ,szse,2319839689634758656,2026-07-23,,公司以自有资金等形式投产定增项目的情况是否可以具体说明一下情况？并请问贵公司，在公司股价大幅下跌并波动的情况下，跌都跌了，是否考虑向大部分股东以增配股份等形式募集该笔定增资金？,,unanswered,unclassified,official interaction without a mapped investable theme,manual review required,no-company-signal,https://irm.cninfo.com.cn/ircs/question/questionDetail?questionId=2319839689634758656,cninfo_irm
300136.SZ,szse,2319702473901989888,2026-07-23,,董秘您好，公司定增项目中的TIM高导热材料、芯片封装散热片，是否为GPU、算力芯片核心散热组件？目前在AI服务器、算力设备领域客户拓展进度如何？,,unanswered,compute-power,new-demand adjacency around power + computing infrastructure,"needs revenue, order, or project economics before valuation uplift",no-company-signal,https://irm.cninfo.com.cn/ircs/question/questionDetail?questionId=2319702473901989888,cninfo_irm
300136.SZ,szse,2318235922871144448,2026-07-21,2026-07-23,风华高科500亿MLCC，7月1日涨价前第二季度归母利润是2亿，信维电科月产能500亿高端MLCC今年达产后是否每个季度也能贡献2-3亿净利润？既然已经签署回购协议，请公开一下信维电科二季度的业绩，和达产后业绩指引。,您好！信维电科为非上市主体，未单独对外披露财报，后续若完成控股并表后将纳入上市公司合并报表，请以正式公告为准，感谢关注！,non-committal,buyback-shareholder-return,shareholder-return / valuation-support narrative,"needs board approval, execution, and funding visibility",weak-official-signal,https://irm.cninfo.com.cn/ircs/question/questionDetail?questionId=2318235922871144448,cninfo_irm
300136.SZ,szse,2319187472963461120,2026-07-22,2026-07-23,请问贵公司在墨西哥建厂的进度情况，是否已经进入生产阶段并实现了批量供货,您好，公司墨西哥基地是为就近服务北美客户设立的海外制造支点，目前正按客户订单节奏与海外产能建设进度有序推进，谢谢！,substantive,unclassified,official interaction without a mapped investable theme,manual review required,higher-official-signal,https://irm.cninfo.com.cn/ircs/question/questionDetail?questionId=2319187472963461120,cninfo_irm
300136.SZ,szse,2318224103286882304,2026-07-21,2026-07-23,董秘你好 目前信维电科mlcc 产品订单饱和稼动率高，但市场对车规级和算力服务级的高端高容小尺寸mlcc需求极大，短期内的供需紧张情况无法缓和。看到公司收购信维电科后各方持续追加投资10亿元 是否主要用于采购设备扩产。请问目前高端产品良率是否稳步提升，整体扩产节奏是否比原计划提前？,您好，公司高端MLCC产品产能和良率稳步提升，整体会根据客户需求进行设备采购扩产等安排。谢谢！,substantive,compute-power,new-demand adjacency around power + computing infrastructure,"needs revenue, order, or project economics before valuation uplift",higher-official-signal,https://irm.cninfo.com.cn/ircs/question/questionDetail?questionId=2318224103286882304,cninfo_irm
300136.SZ,szse,2318307760494137344,2026-07-21,2026-07-23,近期公司股价持续下跌，已较前期高点腰斩。请问这对贵司定增计划影响如何？是否因股价低于预期，延迟或取消定增？如定增计划延期或者取消，公司扩产计划是否得延迟或无法启动？,您好，公司的定增募投项目是公司非常重视的第二增长曲线业务，发展态势良好，公司已使用自有资金等方式进行投产，不受定增进展的影响。关于定增事项的进展请关注公司后续的公告，谢谢！,directional-but-unquantified,unclassified,official interaction without a mapped investable theme,manual review required,medium-official-signal,https://irm.cninfo.com.cn/ircs/question/questionDetail?questionId=2318307760494137344,cninfo_irm
300136.SZ,szse,2318876551768817664,2026-07-22,2026-07-23,公司股价短短几个月下跌50%，公司一点维护市值举措都没有，涨上去的时候减持1%，跌下来为什么不进行回购呢？而且公司目前经营情况到底怎么样？我们想知道商业航天、mlcc和消费电子的具体情况,您好，公司高度重视市值管理工作，会根据市场及股价情况综合考虑维护市值策略，同时也会专注于主营业务的发展，力争用好的经营结果回报股东。公司目前经营正常，各项业务有序开展，感谢您的关注。谢谢！,substantive,commercial-space,space linkage / investee optionality,"ownership, monetization, or investee milestone still needs filing support",higher-official-signal,https://irm.cninfo.com.cn/ircs/question/questionDetail?questionId=2318876551768817664,cninfo_irm
300136.SZ,szse,2319320213340307456,2026-07-22,2026-07-23,董秘您好，麻烦告知截至2026年7月20日、7月10日、6月30日，公司的股东总户数，辛苦，谢谢。,您好，关于股东人数请见公司披露的定期报告。谢谢！,substantive,unclassified,official interaction without a mapped investable theme,manual review required,higher-official-signal,https://irm.cninfo.com.cn/ircs/question/questionDetail?questionId=2319320213340307456,cninfo_irm
300136.SZ,szse,2318293269440217088,2026-07-21,,请问董秘，是否会发半年报业绩预告，有个估值锚点，来应对近期估计大幅下跌？,,unanswered,unclassified,official interaction without a mapped investable theme,manual review required,no-company-signal,https://irm.cninfo.com.cn/ircs/question/questionDetail?questionId=2318293269440217088,cninfo_irm
300136.SZ,szse,2318216930525761536,2026-07-21,,董秘你好 请问信维电科mlcc产品 对比国内同行 在良率 配方 烧制工艺上 是否有极强的壁垒和优势。面对村田三星等国外巨头的先发优势 公司有什么战略计划做到逐步追赶并超越,,unanswered,unclassified,official interaction without a mapped investable theme,manual review required,no-company-signal,https://irm.cninfo.com.cn/ircs/question/questionDetail?questionId=2318216930525761536,cninfo_irm
300136.SZ,szse,2340704193880731648,2026-08-20,,近日时空道宇获得工业和信息化部批复的卫星物联网业务商用试验许可。请问贵公司在卫星物联网的布局如何，该许可的获批对公司那些产品线的未来发展有较大影响，公司是否看好相关场景应用。,,unanswered,commercial-space,space linkage / investee optionality,"ownership, monetization, or investee milestone still needs filing support",no-company-signal,https://irm.cninfo.com.cn/ircs/question/questionDetail?questionId=2340704193880731648,cninfo_irm
300136.SZ,szse,2340600427584016384,2026-08-20,,董秘你好  高端1.6T光模块以及未来CPO，LCP‑FPC是主流选型 几乎成为必选材料 公司LCP产品是否可应用于光模块行业 是否和光模块厂商有接触送样,,unanswered,unclassified,official interaction without a mapped investable theme,manual review required,no-company-signal,https://irm.cninfo.com.cn/ircs/question/questionDetail?questionId=2340600427584016384,cninfo_irm
300136.SZ,szse,2340597120459198464,2026-08-20,,董秘你好 ，2025年年报中提到 未来，公司还将继续优化散热材料性能，拓展其在卫星终端、车载芯片、光模块等场景的应用。请问 公司在光模块散热场景有什么业务进展？是否送样国内外光模块龙头公司？,,unanswered,commercial-space,space linkage / investee optionality,"ownership, monetization, or investee milestone still needs filing support",no-company-signal,https://irm.cninfo.com.cn/ircs/question/questionDetail?questionId=2340597120459198464,cninfo_irm
300136.SZ,szse,2339780724372484096,2026-08-19,,董秘好，强烈建议，公司如果对未来卫星天线业务放量不确定，提议调整定增项目，加入MLCC项目！既然已经回购，而且口号喊要做高端MLCC世界前三，那定增项目加入MLCC对公司发展有力支撑！也为解决卡脖子国产替代做贡献。定会大大利好信维在资本市场的估值！请务必考虑！谢谢！,,unanswered,commercial-space,space linkage / investee optionality,"ownership, monetization, or investee milestone still needs filing support",no-company-signal,https://irm.cninfo.com.cn/ircs/question/questionDetail?questionId=2339780724372484096,cninfo_irm
300136.SZ,szse,2339780586933530624,2026-08-19,,董秘你的回复定增项目会按客户需求投产。请问，定增项目工程是否已经在做？如果定增时时不落地，是否用自筹资金先做，来满足客户需求？,,unanswered,unclassified,official interaction without a mapped investable theme,manual review required,no-company-signal,https://irm.cninfo.com.cn/ircs/question/questionDetail?questionId=2339780586933530624,cninfo_irm
300136.SZ,szse,2339668978026532864,2026-08-19,,"1. 公司5月27日已取得定增批文，至今未启动询价发行，请说明延后推进的客观原因，后续计划何时启动发行？

2. 定增批文落地后，公司股价明显跑输板块，请问公司当前是否存在应披露而未披露的重大风险？公司有哪些维护中小投资者权益的相关举措？",,unanswered,unclassified,official interaction without a mapped investable theme,manual review required,no-company-signal,https://irm.cninfo.com.cn/ircs/question/questionDetail?questionId=2339668978026532864,cninfo_irm
300136.SZ,szse,2339171320165945344,2026-08-18,,董秘你好 请问公司给北美客户送样mlcc产品属于什么行业 消费单子 车规 还是ai服务器,,unanswered,unclassified,official interaction without a mapped investable theme,manual review required,no-company-signal,https://irm.cninfo.com.cn/ircs/question/questionDetail?questionId=2339171320165945344,cninfo_irm
300136.SZ,szse,2327678915394785280,2026-08-02,2026-08-18,作为贵公司的个人投资者，只能通过这个平台与之交流。个人浅认为信维的定增扩产，更像是系统再造，是在为自己构建系统级的集成能力，将多个板块打通为“通信热管理一体链”，确立通信热平衡枢纽的地位。个人看好贵公司的战略方向，请确保这三个方向的扩产，定增是融资的一个渠道有多种多样嘛，现在国家这么多的金融政策支持科技兴国。,您好，感谢您对公司战略方向的认可与长期关注。公司本次定增募投项目会按客户需求分阶段投产，谢谢您的支持与建议！,substantive,unclassified,official interaction without a mapped investable theme,manual review required,higher-official-signal,https://irm.cninfo.com.cn/ircs/question/questionDetail?questionId=2327678915394785280,cninfo_irm
300136.SZ,szse,2330085729168117760,2026-08-06,2026-08-18,SpaceX总裁说星链要做运营商，starlink mobile手机卫星直连，据悉已经和苹果在谈合作，一旦成行，对终端天线的需求是巨大！请问，信维定增扩产的卫星天线产能会不会受到定增没落地的影响而搁置？是否已经在投入扩产？,您好，公司的定增募投项目是公司非常重视的第二增长曲线业务，发展态势良好，相关业务会根据客户需求进行投产，谢谢！,substantive,commercial-space,space linkage / investee optionality,"ownership, monetization, or investee milestone still needs filing support",higher-official-signal,https://irm.cninfo.com.cn/ircs/question/questionDetail?questionId=2330085729168117760,cninfo_irm
300136.SZ,szse,2333737542178254848,2026-08-11,2026-08-18,您好！信维的高端MLCC北美客户验证的进度怎么样了？,您好，客户会进行多轮测试，前期测试结果反馈较好，谢谢您的关注。,substantive,unclassified,official interaction without a mapped investable theme,manual review required,higher-official-signal,https://irm.cninfo.com.cn/ircs/question/questionDetail?questionId=2333737542178254848,cninfo_irm
300136.SZ,szse,2336136461801697280,2026-08-14,,董秘你好 请问公司TIM热界面材料、芯片散热片相关产品，是否可应用于光模块内部DSP芯片、光激光器的散热，有没有给光模块厂家送样？,,unanswered,unclassified,official interaction without a mapped investable theme,manual review required,no-company-signal,https://irm.cninfo.com.cn/ircs/question/questionDetail?questionId=2336136461801697280,cninfo_irm
300136.SZ,szse,2334424049750847488,2026-08-12,,特斯拉Cybercar正在测试星链天线，马斯克发文说未来数十亿台车都要搭载星链天线，请问用的都是信维通信的LCP天线吗？,,unanswered,unclassified,official interaction without a mapped investable theme,manual review required,no-company-signal,https://irm.cninfo.com.cn/ircs/question/questionDetail?questionId=2334424049750847488,cninfo_irm
300136.SZ,szse,2333911187819188224,2026-08-11,,看了你们的新闻，里面没有太多实质性市场热度焦点，目前建议贵司围绕产能预期，高端mlcc前段材料比如陶瓷粉体自给自足去做文章，当然拉一个涨停才会彻底解决所有问题与市场关注度，否则再多的文字描述不如市场真金白银去追热度！,,unanswered,unclassified,official interaction without a mapped investable theme,manual review required,no-company-signal,https://irm.cninfo.com.cn/ircs/question/questionDetail?questionId=2333911187819188224,cninfo_irm
300136.SZ,szse,2333843662343360512,2026-08-11,,目前建议公司大股东进行股票增持回购与回购注销，坚定市场股价，以便更好的定增，发布再多利好也需要真金白银把股价撑起来！,,unanswered,buyback-shareholder-return,shareholder-return / valuation-support narrative,"needs board approval, execution, and funding visibility",no-company-signal,https://irm.cninfo.com.cn/ircs/question/questionDetail?questionId=2333843662343360512,cninfo_irm
300136.SZ,szse,2333764935592824832,2026-08-11,,公司信维电科7月mlcc满产多少颗，三季末满产能达到多少，年底以及后期规划产能有多少颗？,,unanswered,unclassified,official interaction without a mapped investable theme,manual review required,no-company-signal,https://irm.cninfo.com.cn/ircs/question/questionDetail?questionId=2333764935592824832,cninfo_irm
300136.SZ,szse,2327873863960350720,2026-08-03,2026-08-11,董秘您好，虽然大家一直催定增，但是我认为不低价定增才是对所有大小股东负责，才对得起做实业的付出。所以，希望在保证公司现金流健康的情况下，争取到更好的定增价格。公司看好的MlCC以及商业卫星两个新的增长曲线，证明管理层非常有投资眼光，是否有意向打造成类似村田的材料巨头？,您好，谢谢您的建议。公司高端MLCC业务聚焦高容、小尺寸、高性能，适用于消费级、车规级及AI服务器等品类，部分关键高容料号已通过国内主流客户认证并批量交付，正积极推进北美大客户验证。公司高端MLCC战略定位长期对标国际一流材料与元件企业，努力实现国产替代。谢谢！,substantive,commercial-space,space linkage / investee optionality,"ownership, monetization, or investee milestone still needs filing support",higher-official-signal,https://irm.cninfo.com.cn/ircs/question/questionDetail?questionId=2327873863960350720,cninfo_irm
300136.SZ,szse,2333112332506697728,2026-08-10,,董秘你好，现公司MLCC高端产品存在缺陷，产品在高低温环境下出现不稳定现象，请问对于此类问题，公司有没有解决方案，如果是材料问题，有没有代替材料用于解决不稳定问题。,,unanswered,unclassified,official interaction without a mapped investable theme,manual review required,no-company-signal,https://irm.cninfo.com.cn/ircs/question/questionDetail?questionId=2333112332506697728,cninfo_irm
300136.SZ,szse,2333061334084718592,2026-08-10,,英伟达入局AI基站，AI-RAN打开万亿蓝海。请问，公司在太赫兹天线及高速射频模组是否有技术储备，专利储备，是否已经有成熟产品或原型样机送样？能简单介绍一下产品市场情况吗？,,unanswered,unclassified,official interaction without a mapped investable theme,manual review required,no-company-signal,https://irm.cninfo.com.cn/ircs/question/questionDetail?questionId=2333061334084718592,cninfo_irm
300136.SZ,szse,2333055364045189120,2026-08-10,,"近期，英伟达与诺基亚在AI-RAN（AI无线接入网）领域的合作，正推动通信基站从传统的“连接管道”向“通感算智”融合的边缘算力节点演进。作为全球领先的泛射频解决方案提供商，
而信维通信在射频技术、LCP材料、以及英伟达供应链中的现有地位，是否具备在英伟达与诺基亚合作的AI基站产业合作基础？",,unanswered,compute-power,new-demand adjacency around power + computing infrastructure,"needs revenue, order, or project economics before valuation uplift",no-company-signal,https://irm.cninfo.com.cn/ircs/question/questionDetail?questionId=2333055364045189120,cninfo_irm
300136.SZ,szse,2328489676405575680,2026-08-04,2026-08-07,"董秘您好,请问收购信维电科的进度如何?能否有大致的时间表?",您好，相关交易各方已启动各自内部审批流程工作，公司将尽快推动本次交易事项的进展，履行相应决策程序和信息披露义务。谢谢 ！,substantive,unclassified,official interaction without a mapped investable theme,manual review required,higher-official-signal,https://irm.cninfo.com.cn/ircs/question/questionDetail?questionId=2328489676405575680,cninfo_irm
300136.SZ,szse,2330407447988391936,2026-08-06,,董秘你好！烦请介绍一下贵司参股的德清华莹的磷化铟业务情况，谢谢！,,unanswered,unclassified,official interaction without a mapped investable theme,manual review required,no-company-signal,https://irm.cninfo.com.cn/ircs/question/questionDetail?questionId=2330407447988391936,cninfo_irm
300136.SZ,szse,2330183113256587264,2026-08-06,,董秘你好，请问公司在6G领域有哪些布局？是否参与或间接参与英伟达AI-RAN基站建设?,,unanswered,unclassified,official interaction without a mapped investable theme,manual review required,no-company-signal,https://irm.cninfo.com.cn/ircs/question/questionDetail?questionId=2330183113256587264,cninfo_irm
300136.SZ,szse,2330084724032614400,2026-08-06,,卢董秘，你好。SpaceX算力上天，信维通信的高速高频连接器或其他产品有没有应用在算力上天这方面?算力上天对信维通信业绩有什么正面影响？,,unanswered,compute-power,new-demand adjacency around power + computing infrastructure,"needs revenue, order, or project economics before valuation uplift",no-company-signal,https://irm.cninfo.com.cn/ircs/question/questionDetail?questionId=2330084724032614400,cninfo_irm
300136.SZ,szse,2330016571639042048,2026-08-06,,董秘您好。据报道，英伟达在中国寻找基站合作方开发6G AI-RAN基站。公司作为泛射频领域龙头，客户已覆盖北美多个大客户，并在越南、墨西哥设有海外制造基地，具备全球化交付能力。在6G技术方面，公司已提前布局，在智能超表面（RIS）、相控阵天线等6G关键技术上均有储备。请问：针对基站项目，公司是否具备相应的射频前端、天线阵列等产品技术能力？公司7月回应“正在积极与客户沟通接洽”，目前是否已有进展？,,unanswered,unclassified,official interaction without a mapped investable theme,manual review required,no-company-signal,https://irm.cninfo.com.cn/ircs/question/questionDetail?questionId=2330016571639042048,cninfo_irm
300136.SZ,szse,2329364105829756928,2026-08-05,,董秘你好 公司北美商业航天大客户重点发展太空算力业务，公司有哪些产品可应用于太空算力业务？当前是否有太空算力产品的研发布局？有没有机会参与大客户太空算力项目相关产品的合作研发？,,unanswered,commercial-space,space linkage / investee optionality,"ownership, monetization, or investee milestone still needs filing support",no-company-signal,https://irm.cninfo.com.cn/ircs/question/questionDetail?questionId=2329364105829756928,cninfo_irm
300136.SZ,szse,2328030767705608192,2026-08-03,,公司目前集所有不确定性于一身，MLCC什么时候完成并表、定增事项什么时候完成、中报业绩有多差导致不发预告、Spacex隔离中国供应商对公司海外工厂的实际影响，所有以上不确定性，公司一天都未能给予明确，导致公司股价一蹶不振，维护市值方面管理层的水平确实是差的离谱。,,unanswered,unclassified,official interaction without a mapped investable theme,manual review required,no-company-signal,https://irm.cninfo.com.cn/ircs/question/questionDetail?questionId=2328030767705608192,cninfo_irm
300136.SZ,szse,2328621841139208192,2026-08-04,,董秘您好！公司在6g领域有哪些技术储备，核心竞争力有哪些？谢谢,,unanswered,unclassified,official interaction without a mapped investable theme,manual review required,no-company-signal,https://irm.cninfo.com.cn/ircs/question/questionDetail?questionId=2328621841139208192,cninfo_irm
300136.SZ,szse,2328621368545325056,2026-08-04,,董秘您好！可以介绍下公司的机器人业务布局相应产品吗？谢谢！,,unanswered,unclassified,official interaction without a mapped investable theme,manual review required,no-company-signal,https://irm.cninfo.com.cn/ircs/question/questionDetail?questionId=2328621368545325056,cninfo_irm
300136.SZ,szse,2328620913426272256,2026-08-04,,董秘您好！公司的在手mlcc订单销售价格会随着行业价格调整还是固定价？谢谢！,,unanswered,unclassified,official interaction without a mapped investable theme,manual review required,no-company-signal,https://irm.cninfo.com.cn/ircs/question/questionDetail?questionId=2328620913426272256,cninfo_irm
300136.SZ,szse,2328607255430270976,2026-08-04,,董秘您好!公司从事mlcc业务，请问和三环、风华相比，公司有哪些优势或者不足？谢谢！,,unanswered,unclassified,official interaction without a mapped investable theme,manual review required,no-company-signal,https://irm.cninfo.com.cn/ircs/question/questionDetail?questionId=2328607255430270976,cninfo_irm
300136.SZ,szse,2326300866547929088,2026-08-01,,"抛开眼下环境不说，你们能做的还包括：
1、股权回购（不论钱多少是个态度和信心）
2、尽快推动并表落地（卡在流程慢只能说努力的还不够）
3、让券商想办法提升股价",,unanswered,buyback-shareholder-return,shareholder-return / valuation-support narrative,"needs board approval, execution, and funding visibility",no-company-signal,https://irm.cninfo.com.cn/ircs/question/questionDetail?questionId=2326300866547929088,cninfo_irm
300136.SZ,szse,2328554538967355392,2026-08-04,,请公司出台维护股价的具体行动，用回购注销股份与相关AI订单落地与北美订单产能充足信息来扭转颓势！,,unanswered,buyback-shareholder-return,shareholder-return / valuation-support narrative,"needs board approval, execution, and funding visibility",no-company-signal,https://irm.cninfo.com.cn/ircs/question/questionDetail?questionId=2328554538967355392,cninfo_irm
300136.SZ,szse,2325630782817120256,2026-07-31,,近期公司官网发布招聘信息，在长沙开福区招聘的芯片定义工程师（岗位编号 5306）所属研发中心。业务方向是否面向商业卫星通信射频芯片研发？是否配套星链、G60 千帆星座相关终端产品？,,unanswered,commercial-space,space linkage / investee optionality,"ownership, monetization, or investee milestone still needs filing support",no-company-signal,https://irm.cninfo.com.cn/ircs/question/questionDetail?questionId=2325630782817120256,cninfo_irm
300136.SZ,szse,2325581047095832576,2026-07-31,,维护好股价是对近期机构大量抛售与散户信心被打击的最好澄清公告，建议公司务必主动发布更多积极利好股价的公告与海外业务订单，同时关键的Mlcc收购并表不要拖累公司三季度盈利或宣布并表时同时发布其它利好比如AI新业务比如和苹果或其它大厂的合作,,unanswered,unclassified,official interaction without a mapped investable theme,manual review required,no-company-signal,https://irm.cninfo.com.cn/ircs/question/questionDetail?questionId=2325581047095832576,cninfo_irm
300136.SZ,szse,2327861339870040064,2026-08-03,,董秘您好！1.公司越南对北美大客户的卫星通信天线订单是否饱满，产能情况怎样？2.回购的信维电科MLCC是否扭亏为盈，订单情况怎样，产能爬坡情况怎样？,,unanswered,commercial-space,space linkage / investee optionality,"ownership, monetization, or investee milestone still needs filing support",no-company-signal,https://irm.cninfo.com.cn/ircs/question/questionDetail?questionId=2327861339870040064,cninfo_irm
300136.SZ,szse,2325093551127867392,2026-07-30,2026-08-03,董秘你好  请问贵公司主要营收是什么  半年报业绩如何,您好，公司主营业务包括天线及模组、无线充电模组及相关产品、EMI\EMC器件、高精密连接器、声学器件、汽车互联产品、被动元件等，客户涵盖全球知名科技企业，应用领域包括消费电子、商业卫星通信、智能汽车、物联网/智能家居等。相关经营情况请以定期报告为主。谢谢！,non-committal,commercial-space,space linkage / investee optionality,"ownership, monetization, or investee milestone still needs filing support",weak-official-signal,https://irm.cninfo.com.cn/ircs/question/questionDetail?questionId=2325093551127867392,cninfo_irm
300136.SZ,szse,2327916925336784896,2026-08-03,,“公司5月27日已拿到60亿定增批文，迟迟未启动询价发行；自批文落地后，公司股价跌幅远超消费电子、MLCC板块，请问公司是否存在延后发行刻意等待低价区间启动定增？二级市场股价持续弱势，公司有无稳定股价的应对措施？”,,unanswered,unclassified,official interaction without a mapped investable theme,manual review required,no-company-signal,https://irm.cninfo.com.cn/ircs/question/questionDetail?questionId=2327916925336784896,cninfo_irm
300136.SZ,szse,2327312829562343424,2026-08-02,,请问贵公司在AI应用方面有哪些布局，谢谢,,unanswered,unclassified,official interaction without a mapped investable theme,manual review required,no-company-signal,https://irm.cninfo.com.cn/ircs/question/questionDetail?questionId=2327312829562343424,cninfo_irm
300136.SZ,szse,2327868340632408064,2026-08-03,,董秘您好！想咨询一下，市场将公司归类为MLCC、商业航天两大赛道，但近期走势十分割裂：MLCC板块下跌时公司跟随下跌，航天板块下跌公司同样下跌；可MLCC板块上涨、航天板块上涨的时候，公司股价依旧走弱。请问公司目前核心市场资金究竟把公司归属于哪个主线？公司如何看待股价长期缺乏板块联动效应的问题？,,unanswered,commercial-space,space linkage / investee optionality,"ownership, monetization, or investee milestone still needs filing support",no-company-signal,https://irm.cninfo.com.cn/ircs/question/questionDetail?questionId=2327868340632408064,cninfo_irm
300136.SZ,szse,2326668352539709440,2026-08-01,,请问贵公司：子公司信维电科在母公司取得控制权后，关于合并报表涉及的关联往来和交易等是单独公告？还是将合并在半年报或三季报？而如果合并了半年报或三季报，仅合并并表后的业绩还是追溯前期相关业绩等？,,unanswered,unclassified,official interaction without a mapped investable theme,manual review required,no-company-signal,https://irm.cninfo.com.cn/ircs/question/questionDetail?questionId=2326668352539709440,cninfo_irm
300136.SZ,szse,2326638038547378176,2026-08-01,,请问贵公司：关于子公司信维电科的增资扩产，原计划应该是20亿，现改为10亿，是由于公司资金面的原因还是订单的原因？,,unanswered,unclassified,official interaction without a mapped investable theme,manual review required,no-company-signal,https://irm.cninfo.com.cn/ircs/question/questionDetail?questionId=2326638038547378176,cninfo_irm
300136.SZ,szse,2326380950394974208,2026-08-01,,spaceX去中国化对公司而言是危还是机？海外基地生产能规避space X订单下滑风险吗？亚马逊卫星项目是否已批量生产？苹果卫星项目有何进展？,,unanswered,commercial-space,space linkage / investee optionality,"ownership, monetization, or investee milestone still needs filing support",no-company-signal,https://irm.cninfo.com.cn/ircs/question/questionDetail?questionId=2326380950394974208,cninfo_irm
300136.SZ,szse,2327183636980404224,2026-08-02,,请问贵公司：国家正在推进高质量建设债券市场“科技板”，稳妥实施科技创新与民营企业债券风险分担工具。贵公司需要资金，在这方面有什么举措和动作？,,unanswered,unclassified,official interaction without a mapped investable theme,manual review required,no-company-signal,https://irm.cninfo.com.cn/ircs/question/questionDetail?questionId=2327183636980404224,cninfo_irm
300136.SZ,szse,2326310641780338688,2026-08-01,,请问公司半年报业绩增长是否超过50%？9月苹果大量新机上市，公司主要新增供货品类有哪些？3季报是否业绩会大幅增长？,,unanswered,unclassified,official interaction without a mapped investable theme,manual review required,no-company-signal,https://irm.cninfo.com.cn/ircs/question/questionDetail?questionId=2326310641780338688,cninfo_irm
300136.SZ,szse,2326208077961310208,2026-07-31,,"建议投资部门联动法务一起，针对雪球、腾讯自选股等投资者众多且活跃的平台，对有关信维的讨论、有关财经媒体、自媒体对信维的组稿，进行日常浏览和关注，对于显著造谣、违背公司经营事实的内容，在各自的平台进行举报，要求删除，避免虚假信息扩散对股价的影响。

建议形成日常工作流程、验收和周报等统计，每月进行公示。增加造谣者成本和威慑。进而保护企业形象和投资者权益。",,unanswered,unclassified,official interaction without a mapped investable theme,manual review required,no-company-signal,https://irm.cninfo.com.cn/ircs/question/questionDetail?questionId=2326208077961310208,cninfo_irm
300136.SZ,szse,2325878233176068096,2026-07-31,,"大智慧数据中心显示,2026年07月31日信维通信(300136)收盘价57.48元。
股价与股份回购条件对比概览如下:20个交易日前收盘价:102.60元，20个交易日涨幅：-43.98%,是否满足20个交易日跌20%条件:是
相比近1年最高收盘价涨幅:-51.80%，是否满足近一年最高收盘价跌50%条件:是
请问贵公司，对于回购作何安排？大股东前期的减持影响如何？",,unanswered,compute-power,new-demand adjacency around power + computing infrastructure,"needs revenue, order, or project economics before valuation uplift",no-company-signal,https://irm.cninfo.com.cn/ircs/question/questionDetail?questionId=2325878233176068096,cninfo_irm
300136.SZ,szse,2325635928301096960,2026-07-31,,公司做好市值管理，最重要的是做好预期管理。目前，解除几个不确定性对资本的态度至关重要：1.60亿投入是否存在将来投产过剩的风险，是否已经有意向订单？2. 现阶段定增资金没到位，是否阻碍了募投项目的开发进度？3. 定增没落地，是否影响回购信维电科，资金上如何解决？4. 公司的高端MLCC和冷却产品是否已经在接触北美大客户，进展到哪一步？可以召开投资见面会对关键问题做说明。有助于提振股价，顺利完成定增,,unanswered,buyback-shareholder-return,shareholder-return / valuation-support narrative,"needs board approval, execution, and funding visibility",no-company-signal,https://irm.cninfo.com.cn/ircs/question/questionDetail?questionId=2325635928301096960,cninfo_irm
300136.SZ,szse,2325639372899192832,2026-07-31,,公司墨西哥、越南专供SpaceX的产线，是否收到客户最新供应链审查要求？针对人员、生产设备相关新规，公司有无对应的整改方案，是否会影响现有订单交付以及未来新项目的获取？,,unanswered,unclassified,official interaction without a mapped investable theme,manual review required,no-company-signal,https://irm.cninfo.com.cn/ircs/question/questionDetail?questionId=2325639372899192832,cninfo_irm
300136.SZ,szse,2325621102108315648,2026-07-31,,您好！信维通信长沙开福区的研发中心做什么业务的？招聘的芯片定义工程师是开展什么业务？,,unanswered,unclassified,official interaction without a mapped investable theme,manual review required,no-company-signal,https://irm.cninfo.com.cn/ircs/question/questionDetail?questionId=2325621102108315648,cninfo_irm
300136.SZ,szse,2325550398209208320,2026-07-31,,请问公司，公司上市的目的是什么？现在发展了这么多年有没有实现？还需要多久实现？,,unanswered,unclassified,official interaction without a mapped investable theme,manual review required,no-company-signal,https://irm.cninfo.com.cn/ircs/question/questionDetail?questionId=2325550398209208320,cninfo_irm
300136.SZ,szse,2322770094079815680,2026-07-27,2026-07-31,董秘，您好！目前公司的定增进展如何？,您好，公司定增事项正推进中，谢谢您的关注。,directional-but-unquantified,unclassified,official interaction without a mapped investable theme,manual review required,medium-official-signal,https://irm.cninfo.com.cn/ircs/question/questionDetail?questionId=2322770094079815680,cninfo_irm
300136.SZ,szse,2323426081614802944,2026-07-28,2026-07-31,何时定增落地呀,您好，公司定增事项正推进中，谢谢您的关注。,directional-but-unquantified,unclassified,official interaction without a mapped investable theme,manual review required,medium-official-signal,https://irm.cninfo.com.cn/ircs/question/questionDetail?questionId=2323426081614802944,cninfo_irm
300136.SZ,szse,2324705191595028480,2026-07-29,2026-07-31,请问贵司MLCC有产品通过AEC-Q200认证吗？如果有的话，请问有稳定批量供货车企吗？谢谢！,您好，公司高端MLCC产品已批量出货，可应用于消费级、车规级及服务器等领域。谢谢！,substantive,unclassified,official interaction without a mapped investable theme,manual review required,higher-official-signal,https://irm.cninfo.com.cn/ircs/question/questionDetail?questionId=2324705191595028480,cninfo_irm
300136.SZ,szse,2324838636342071296,2026-07-30,2026-07-31,董秘您好，公司定增已经拿到证监会注册批文较长时间，至今迟迟没有启动发行，请详细说明迟迟不启动发行的真实原因。期间有股东进行减持，请问减持行为和定增信息披露是否存在时间上的刻意安排？是否存在利用定增预期维稳股价、忽悠式再融资的情形？另外股价短短一个月已从129跌至56，需要涨幅近1倍，若定增，意味股权大幅度稀释，公司定增是否已大概率时报告终，请正面回答,您好，公司定增工作在正常推进，会重点考虑股东权益，减少对原有股东的股份稀释。谢谢！,substantive,unclassified,official interaction without a mapped investable theme,manual review required,higher-official-signal,https://irm.cninfo.com.cn/ircs/question/questionDetail?questionId=2324838636342071296,cninfo_irm
300136.SZ,szse,2324221784435929088,2026-07-29,2026-07-31,董秘你好 目前子公司信维电科mlcc产品送样多家北美大客户认证，请问是否已有通过某些客户认证的情况？,您好，客户会进行多轮测试，前期测试结果反馈较好，谢谢您的关注。,substantive,unclassified,official interaction without a mapped investable theme,manual review required,higher-official-signal,https://irm.cninfo.com.cn/ircs/question/questionDetail?questionId=2324221784435929088,cninfo_irm
300136.SZ,szse,2324768379267043328,2026-07-30,2026-07-31,请问贵司对MLCC公司信维电科并表工作完成度如何了，有预期并表时间么，请给出完成率的%？,您好，相关交易各方已启动各自内部审批流程工作，公司将尽快推动本次交易事项的进展，履行相应决策程序和信息披露义务。谢谢 ！,substantive,unclassified,official interaction without a mapped investable theme,manual review required,higher-official-signal,https://irm.cninfo.com.cn/ircs/question/questionDetail?questionId=2324768379267043328,cninfo_irm
300136.SZ,szse,2325094564740149248,2026-07-30,2026-07-31,董秘你好  请问公司有无重组并购计划  重组并购成功的主要公司生产什么  对公司业绩有无影响,您好，公司已于7月14日披露了关于签署《股权收购及增资意向协议》的公告（2026-033），谢谢您的关注。,substantive,unclassified,official interaction without a mapped investable theme,manual review required,higher-official-signal,https://irm.cninfo.com.cn/ircs/question/questionDetail?questionId=2325094564740149248,cninfo_irm
300136.SZ,szse,2325000590968868864,2026-07-30,2026-07-31,董秘您好，针对近期市场关于公司海外卫星通信供应链的传闻，请公司核实并正面回应以下三点以稳定市场预期：  订单实况：公司海外卫星通信业务当前订单是否饱满？生产与交付履约过程是否出现异常？海外合规：公司越南、墨西哥等海外工厂的技术隔离与合规排查是否顺利？是否会影响到北美大客户的正常提货？经营风险：上述市场传闻是否会对公司下半年的经营业绩及正在推进的 60 亿元定增项目产生实质性不利影响？,您好，公司与相关大客户的合作进展顺利，关于传闻公司已于2026年7月31日早间在巨潮资讯网披露《关于媒体报道的澄清公告》（2026-034）。谢谢您的关注。,substantive,commercial-space,space linkage / investee optionality,"ownership, monetization, or investee milestone still needs filing support",higher-official-signal,https://irm.cninfo.com.cn/ircs/question/questionDetail?questionId=2325000590968868864,cninfo_irm
300136.SZ,szse,2324961712924905472,2026-07-30,2026-07-31,董秘您好，贵公司人员否认公司有MLCC以及航天业务，请问股权收购以及定增都中止了吗？,您好，您提及的业务是公司重点发展的第二增长业务曲线，相关业务正常推进中，谢谢您的关注。,directional-but-unquantified,unclassified,official interaction without a mapped investable theme,manual review required,medium-official-signal,https://irm.cninfo.com.cn/ircs/question/questionDetail?questionId=2324961712924905472,cninfo_irm
300136.SZ,szse,2324992421827915776,2026-07-30,2026-07-31,传闻停止给Spacex供货是否属实,您好，该传闻为不实消息。公司已于2026年7月31日早间在巨潮资讯网披露《关于媒体报道的澄清公告》（2026-034）。谢谢您的关注。,directional-but-unquantified,unclassified,official interaction without a mapped investable theme,manual review required,medium-official-signal,https://irm.cninfo.com.cn/ircs/question/questionDetail?questionId=2324992421827915776,cninfo_irm
